gene,group,cai,rscu_json,seq_length,gc_content
GRIN1,Brain,0.752,"{""TTT"": 0.488, ""TTC"": 1.512, ""TTA"": 0.0, ""TTG"": 0.073, ""CTT"": 0.146, ""CTC"": 0.878, ""CTA"": 0.146, ""CTG"": 4.756, ""ATT"": 0.453, ""ATC"": 2.377, ""ATA"": 0.17, ""GTT"": 0.179, ""GTC"": 1.015, ""GTA"": 0.119, ""GTG"": 2.687, ""TCT"": 0.164, ""TCC"": 2.219, ""TCA"": 0.082, ""TCG"": 1.068, ""AGT"": 0.247, ""AGC"": 2.219, ""CCT"": 0.923, ""CCC"": 1.641, ""CCA"": 0.513, ""CCG"": 0.923, ""ACT"": 0.444, ""ACC"": 1.778, ""ACA"": 0.593, ""ACG"": 1.185, ""GCT"": 0.5, ""GCC"": 2.333, ""GCA"": 0.389, ""GCG"": 0.778, ""TAT"": 0.154, ""TAC"": 1.846, ""CAT"": 0.364, ""CAC"": 1.636, ""CAA"": 0.176, ""CAG"": 1.824, ""AAT"": 0.273, ""AAC"": 1.727, ""AAA"": 0.259, ""AAG"": 1.741, ""GAT"": 0.39, ""GAC"": 1.61, ""GAA"": 0.102, ""GAG"": 1.898, ""TGT"": 0.5, ""TGC"": 1.5, ""CGT"": 0.492, ""CGC"": 2.262, ""CGA"": 0.197, ""CGG"": 1.77, ""AGA"": 0.59, ""AGG"": 0.689, ""GGT"": 0.2, ""GGC"": 2.333, ""GGA"": 0.2, ""GGG"": 1.267}",2817,0.608
GRIN2A,Brain,0.669,"{""TTT"": 0.812, ""TTC"": 1.188, ""TTA"": 0.29, ""TTG"": 0.726, ""CTT"": 0.919, ""CTC"": 1.403, ""CTA"": 0.339, ""CTG"": 2.323, ""ATT"": 1.03, ""ATC"": 1.657, ""ATA"": 0.313, ""GTT"": 0.533, ""GTC"": 1.143, ""GTA"": 0.267, ""GTG"": 2.057, ""TCT"": 0.898, ""TCC"": 2.0, ""TCA"": 0.653, ""TCG"": 0.327, ""AGT"": 0.49, ""AGC"": 1.633, ""CCT"": 1.173, ""CCC"": 1.547, ""CCA"": 0.853, ""CCG"": 0.427, ""ACT"": 0.416, ""ACC"": 1.974, ""ACA"": 0.675, ""ACG"": 0.935, ""GCT"": 0.865, ""GCC"": 1.73, ""GCA"": 0.703, ""GCG"": 0.703, ""TAT"": 0.64, ""TAC"": 1.36, ""CAT"": 0.65, ""CAC"": 1.35, ""CAA"": 0.471, ""CAG"": 1.529, ""AAT"": 0.857, ""AAC"": 1.143, ""AAA"": 0.805, ""AAG"": 1.195, ""GAT"": 0.614, ""GAC"": 1.386, ""GAA"": 0.684, ""GAG"": 1.316, ""TGT"": 0.609, ""TGC"": 1.391, ""CGT"": 0.164, ""CGC"": 0.904, ""CGA"": 0.247, ""CGG"": 1.315, ""AGA"": 1.233, ""AGG"": 2.137, ""GGT"": 0.634, ""GGC"": 1.317, ""GGA"": 0.683, ""GGG"": 1.366}",4395,0.523
GRIN2B,Brain,0.714,"{""TTT"": 0.62, ""TTC"": 1.38, ""TTA"": 0.119, ""TTG"": 0.475, ""CTT"": 0.653, ""CTC"": 1.604, ""CTA"": 0.238, ""CTG"": 2.911, ""ATT"": 0.733, ""ATC"": 2.058, ""ATA"": 0.209, ""GTT"": 0.12, ""GTC"": 1.2, ""GTA"": 0.56, ""GTG"": 2.12, ""TCT"": 0.993, ""TCC"": 1.655, ""TCA"": 0.786, ""TCG"": 0.248, ""AGT"": 0.662, ""AGC"": 1.655, ""CCT"": 1.056, ""CCC"": 1.889, ""CCA"": 0.5, ""CCG"": 0.556, ""ACT"": 0.877, ""ACC"": 1.973, ""ACA"": 0.548, ""ACG"": 0.603, ""GCT"": 0.966, ""GCC"": 2.023, ""GCA"": 0.644, ""GCG"": 0.368, ""TAT"": 0.727, ""TAC"": 1.273, ""CAT"": 0.619, ""CAC"": 1.381, ""CAA"": 0.327, ""CAG"": 1.673, ""AAT"": 0.613, ""AAC"": 1.387, ""AAA"": 0.6, ""AAG"": 1.4, ""GAT"": 0.637, ""GAC"": 1.363, ""GAA"": 0.619, ""GAG"": 1.381, ""TGT"": 1.0, ""TGC"": 1.0, ""CGT"": 0.324, ""CGC"": 1.784, ""CGA"": 0.568, ""CGG"": 1.054, ""AGA"": 0.892, ""AGG"": 1.378, ""GGT"": 0.404, ""GGC"": 1.778, ""GGA"": 0.444, ""GGG"": 1.374}",4455,0.541
GRIN2C,Brain,0.728,"{""TTT"": 0.431, ""TTC"": 1.569, ""TTA"": 0.0, ""TTG"": 0.242, ""CTT"": 0.145, ""CTC"": 1.742, ""CTA"": 0.145, ""CTG"": 3.726, ""ATT"": 0.316, ""ATC"": 2.605, ""ATA"": 0.079, ""GTT"": 0.119, ""GTC"": 1.307, ""GTA"": 0.198, ""GTG"": 2.376, ""TCT"": 0.286, ""TCC"": 1.429, ""TCA"": 0.286, ""TCG"": 0.8, ""AGT"": 0.457, ""AGC"": 2.743, ""CCT"": 0.549, ""CCC"": 1.765, ""CCA"": 0.471, ""CCG"": 1.216, ""ACT"": 0.393, ""ACC"": 2.361, ""ACA"": 0.328, ""ACG"": 0.918, ""GCT"": 0.496, ""GCC"": 2.549, ""GCA"": 0.248, ""GCG"": 0.708, ""TAT"": 0.138, ""TAC"": 1.862, ""CAT"": 0.229, ""CAC"": 1.771, ""CAA"": 0.174, ""CAG"": 1.826, ""AAT"": 0.357, ""AAC"": 1.643, ""AAA"": 0.129, ""AAG"": 1.871, ""GAT"": 0.182, ""GAC"": 1.818, ""GAA"": 0.148, ""GAG"": 1.852, ""TGT"": 0.385, ""TGC"": 1.615, ""CGT"": 0.439, ""CGC"": 2.634, ""CGA"": 0.293, ""CGG"": 1.61, ""AGA"": 0.366, ""AGG"": 0.659, ""GGT"": 0.333, ""GGC"": 2.074, ""GGA"": 0.333, ""GGG"": 1.259}",3702,0.67
GRIA1,Brain,0.653,"{""TTT"": 0.92, ""TTC"": 1.08, ""TTA"": 0.658, ""TTG"": 1.068, ""CTT"": 0.411, ""CTC"": 1.068, ""CTA"": 0.411, ""CTG"": 2.384, ""ATT"": 1.424, ""ATC"": 1.322, ""ATA"": 0.254, ""GTT"": 0.6, ""GTC"": 1.2, ""GTA"": 0.267, ""GTG"": 1.933, ""TCT"": 0.696, ""TCC"": 1.913, ""TCA"": 0.609, ""TCG"": 0.261, ""AGT"": 1.217, ""AGC"": 1.304, ""CCT"": 0.75, ""CCC"": 1.875, ""CCA"": 0.875, ""CCG"": 0.5, ""ACT"": 0.435, ""ACC"": 1.304, ""ACA"": 1.826, ""ACG"": 0.435, ""GCT"": 1.226, ""GCC"": 1.742, ""GCA"": 0.774, ""GCG"": 0.258, ""TAT"": 0.629, ""TAC"": 1.371, ""CAT"": 0.667, ""CAC"": 1.333, ""CAA"": 0.3, ""CAG"": 1.7, ""AAT"": 1.024, ""AAC"": 0.976, ""AAA"": 0.836, ""AAG"": 1.164, ""GAT"": 0.909, ""GAC"": 1.091, ""GAA"": 0.667, ""GAG"": 1.333, ""TGT"": 1.143, ""TGC"": 0.857, ""CGT"": 0.533, ""CGC"": 0.933, ""CGA"": 0.667, ""CGG"": 1.867, ""AGA"": 1.067, ""AGG"": 0.933, ""GGT"": 0.64, ""GGC"": 1.227, ""GGA"": 1.227, ""GGG"": 0.907}",2721,0.506
GRIA2,Brain,0.58,"{""TTT"": 1.333, ""TTC"": 0.667, ""TTA"": 0.845, ""TTG"": 1.014, ""CTT"": 1.014, ""CTC"": 1.183, ""CTA"": 0.338, ""CTG"": 1.606, ""ATT"": 1.672, ""ATC"": 0.885, ""ATA"": 0.443, ""GTT"": 1.333, ""GTC"": 0.667, ""GTA"": 0.788, ""GTG"": 1.212, ""TCT"": 1.644, ""TCC"": 1.397, ""TCA"": 0.822, ""TCG"": 0.411, ""AGT"": 0.986, ""AGC"": 0.74, ""CCT"": 1.28, ""CCC"": 1.44, ""CCA"": 1.12, ""CCG"": 0.16, ""ACT"": 1.388, ""ACC"": 0.898, ""ACA"": 1.388, ""ACG"": 0.327, ""GCT"": 1.382, ""GCC"": 1.018, ""GCA"": 1.382, ""GCG"": 0.218, ""TAT"": 0.947, ""TAC"": 1.053, ""CAT"": 1.0, ""CAC"": 1.0, ""CAA"": 0.966, ""CAG"": 1.034, ""AAT"": 1.171, ""AAC"": 0.829, ""AAA"": 1.079, ""AAG"": 0.921, ""GAT"": 0.93, ""GAC"": 1.07, ""GAA"": 1.143, ""GAG"": 0.857, ""TGT"": 0.909, ""TGC"": 1.091, ""CGT"": 0.162, ""CGC"": 0.486, ""CGA"": 0.649, ""CGG"": 0.649, ""AGA"": 2.27, ""AGG"": 1.784, ""GGT"": 0.611, ""GGC"": 0.778, ""GGA"": 1.556, ""GGG"": 1.056}",2652,0.439
SYN1,Brain,0.693,"{""TTT"": 0.421, ""TTC"": 1.579, ""TTA"": 0.0, ""TTG"": 0.571, ""CTT"": 1.0, ""CTC"": 1.0, ""CTA"": 0.286, ""CTG"": 3.143, ""ATT"": 1.421, ""ATC"": 1.579, ""ATA"": 0.0, ""GTT"": 0.5, ""GTC"": 1.1, ""GTA"": 0.2, ""GTG"": 2.2, ""TCT"": 1.5, ""TCC"": 1.7, ""TCA"": 0.5, ""TCG"": 0.4, ""AGT"": 0.5, ""AGC"": 1.4, ""CCT"": 0.286, ""CCC"": 1.755, ""CCA"": 0.939, ""CCG"": 1.02, ""ACT"": 0.625, ""ACC"": 1.875, ""ACA"": 0.625, ""ACG"": 0.875, ""GCT"": 0.556, ""GCC"": 2.111, ""GCA"": 0.611, ""GCG"": 0.722, ""TAT"": 0.462, ""TAC"": 1.538, ""CAT"": 0.824, ""CAC"": 1.176, ""CAA"": 0.102, ""CAG"": 1.898, ""AAT"": 0.7, ""AAC"": 1.3, ""AAA"": 0.839, ""AAG"": 1.161, ""GAT"": 0.571, ""GAC"": 1.429, ""GAA"": 0.9, ""GAG"": 1.1, ""TGT"": 0.667, ""TGC"": 1.333, ""CGT"": 0.615, ""CGC"": 2.615, ""CGA"": 0.462, ""CGG"": 1.077, ""AGA"": 0.154, ""AGG"": 1.077, ""GGT"": 0.48, ""GGC"": 1.6, ""GGA"": 0.693, ""GGG"": 1.227}",2118,0.647
SYT1,Brain,0.633,"{""TTT"": 1.263, ""TTC"": 0.737, ""TTA"": 0.6, ""TTG"": 1.2, ""CTT"": 0.75, ""CTC"": 0.15, ""CTA"": 0.3, ""CTG"": 3.0, ""ATT"": 1.667, ""ATC"": 1.0, ""ATA"": 0.333, ""GTT"": 0.457, ""GTC"": 1.257, ""GTA"": 1.029, ""GTG"": 1.257, ""TCT"": 1.125, ""TCC"": 0.75, ""TCA"": 1.125, ""TCG"": 0.375, ""AGT"": 1.125, ""AGC"": 1.5, ""CCT"": 1.905, ""CCC"": 0.762, ""CCA"": 0.952, ""CCG"": 0.381, ""ACT"": 1.391, ""ACC"": 1.043, ""ACA"": 1.391, ""ACG"": 0.174, ""GCT"": 0.741, ""GCC"": 2.222, ""GCA"": 0.741, ""GCG"": 0.296, ""TAT"": 0.909, ""TAC"": 1.091, ""CAT"": 1.111, ""CAC"": 0.889, ""CAA"": 0.714, ""CAG"": 1.286, ""AAT"": 0.778, ""AAC"": 1.222, ""AAA"": 0.821, ""AAG"": 1.179, ""GAT"": 1.462, ""GAC"": 0.538, ""GAA"": 0.971, ""GAG"": 1.029, ""TGT"": 1.0, ""TGC"": 1.0, ""CGT"": 1.5, ""CGC"": 0.75, ""CGA"": 2.25, ""CGG"": 0.0, ""AGA"": 0.0, ""AGG"": 1.5, ""GGT"": 0.8, ""GGC"": 1.28, ""GGA"": 1.28, ""GGG"": 0.64}",1269,0.455
SNAP25,Brain,0.652,"{""TTT"": 0.0, ""TTC"": 2.0, ""TTA"": 0.0, ""TTG"": 1.5, ""CTT"": 0.75, ""CTC"": 0.375, ""CTA"": 0.75, ""CTG"": 2.625, ""ATT"": 0.545, ""ATC"": 2.455, ""ATA"": 0.0, ""GTT"": 0.889, ""GTC"": 0.0, ""GTA"": 0.889, ""GTG"": 2.222, ""TCT"": 0.0, ""TCC"": 0.6, ""TCA"": 0.6, ""TCG"": 0.6, ""AGT"": 2.4, ""AGC"": 1.8, ""CCT"": 2.0, ""CCC"": 2.0, ""CCA"": 0.0, ""CCG"": 0.0, ""ACT"": 0.571, ""ACC"": 1.143, ""ACA"": 1.714, ""ACG"": 0.571, ""GCT"": 1.5, ""GCC"": 1.75, ""GCA"": 0.75, ""GCG"": 0.0, ""TAT"": 0.0, ""TAC"": 2.0, ""CAT"": 0.0, ""CAC"": 2.0, ""CAA"": 0.769, ""CAG"": 1.231, ""AAT"": 1.286, ""AAC"": 0.714, ""AAA"": 1.167, ""AAG"": 0.833, ""GAT"": 1.053, ""GAC"": 0.947, ""GAA"": 1.083, ""GAG"": 0.917, ""TGT"": 1.5, ""TGC"": 0.5, ""CGT"": 1.765, ""CGC"": 1.412, ""CGA"": 0.706, ""CGG"": 0.353, ""AGA"": 0.353, ""AGG"": 1.412, ""GGT"": 0.571, ""GGC"": 1.429, ""GGA"": 1.143, ""GGG"": 0.857}",621,0.498
CAMK2A,Brain,0.746,"{""TTT"": 0.667, ""TTC"": 1.333, ""TTA"": 0.136, ""TTG"": 0.273, ""CTT"": 0.136, ""CTC"": 0.545, ""CTA"": 0.136, ""CTG"": 4.773, ""ATT"": 0.387, ""ATC"": 2.323, ""ATA"": 0.29, ""GTT"": 0.429, ""GTC"": 1.0, ""GTA"": 0.0, ""GTG"": 2.571, ""TCT"": 0.194, ""TCC"": 2.323, ""TCA"": 0.774, ""TCG"": 0.774, ""AGT"": 0.774, ""AGC"": 1.161, ""CCT"": 1.0, ""CCC"": 1.4, ""CCA"": 0.8, ""CCG"": 0.8, ""ACT"": 0.429, ""ACC"": 2.429, ""ACA"": 0.571, ""ACG"": 0.571, ""GCT"": 0.649, ""GCC"": 2.595, ""GCA"": 0.541, ""GCG"": 0.216, ""TAT"": 0.667, ""TAC"": 1.333, ""CAT"": 0.286, ""CAC"": 1.714, ""CAA"": 0.0, ""CAG"": 2.0, ""AAT"": 0.714, ""AAC"": 1.286, ""AAA"": 0.471, ""AAG"": 1.529, ""GAT"": 0.75, ""GAC"": 1.25, ""GAA"": 0.769, ""GAG"": 1.231, ""TGT"": 0.6, ""TGC"": 1.4, ""CGT"": 0.429, ""CGC"": 1.929, ""CGA"": 0.643, ""CGG"": 1.286, ""AGA"": 0.857, ""AGG"": 0.857, ""GGT"": 0.375, ""GGC"": 1.25, ""GGA"": 0.875, ""GGG"": 1.5}",1470,0.573
DLG4,Brain,0.709,"{""TTT"": 0.609, ""TTC"": 1.391, ""TTA"": 0.115, ""TTG"": 0.346, ""CTT"": 0.462, ""CTC"": 1.731, ""CTA"": 0.462, ""CTG"": 2.885, ""ATT"": 0.611, ""ATC"": 2.278, ""ATA"": 0.111, ""GTT"": 0.511, ""GTC"": 1.191, ""GTA"": 0.255, ""GTG"": 2.043, ""TCT"": 0.526, ""TCC"": 1.368, ""TCA"": 0.632, ""TCG"": 0.526, ""AGT"": 0.632, ""AGC"": 2.316, ""CCT"": 0.556, ""CCC"": 2.111, ""CCA"": 1.0, ""CCG"": 0.333, ""ACT"": 0.364, ""ACC"": 1.576, ""ACA"": 1.212, ""ACG"": 0.848, ""GCT"": 0.667, ""GCC"": 2.222, ""GCA"": 0.519, ""GCG"": 0.593, ""TAT"": 0.769, ""TAC"": 1.231, ""CAT"": 0.348, ""CAC"": 1.652, ""CAA"": 0.174, ""CAG"": 1.826, ""AAT"": 0.72, ""AAC"": 1.28, ""AAA"": 0.421, ""AAG"": 1.579, ""GAT"": 0.653, ""GAC"": 1.347, ""GAA"": 0.542, ""GAG"": 1.458, ""TGT"": 1.0, ""TGC"": 1.0, ""CGT"": 0.125, ""CGC"": 1.5, ""CGA"": 1.125, ""CGG"": 2.125, ""AGA"": 0.25, ""AGG"": 0.875, ""GGT"": 0.982, ""GGC"": 1.333, ""GGA"": 0.351, ""GGG"": 1.333}",2175,0.579
SYP,Brain,0.728,"{""TTT"": 0.609, ""TTC"": 1.391, ""TTA"": 0.24, ""TTG"": 0.0, ""CTT"": 0.0, ""CTC"": 1.44, ""CTA"": 0.24, ""CTG"": 4.08, ""ATT"": 0.6, ""ATC"": 2.4, ""ATA"": 0.0, ""GTT"": 0.308, ""GTC"": 1.077, ""GTA"": 0.0, ""GTG"": 2.615, ""TCT"": 0.0, ""TCC"": 1.5, ""TCA"": 0.9, ""TCG"": 1.2, ""AGT"": 0.9, ""AGC"": 1.5, ""CCT"": 1.143, ""CCC"": 1.905, ""CCA"": 0.381, ""CCG"": 0.571, ""ACT"": 0.0, ""ACC"": 2.4, ""ACA"": 1.333, ""ACG"": 0.267, ""GCT"": 0.444, ""GCC"": 2.519, ""GCA"": 0.741, ""GCG"": 0.296, ""TAT"": 0.25, ""TAC"": 1.75, ""CAT"": 0.0, ""CAC"": 2.0, ""CAA"": 0.556, ""CAG"": 1.444, ""AAT"": 0.545, ""AAC"": 1.455, ""AAA"": 0.333, ""AAG"": 1.667, ""GAT"": 0.667, ""GAC"": 1.333, ""GAA"": 0.154, ""GAG"": 1.846, ""TGT"": 0.4, ""TGC"": 1.6, ""CGT"": 0.0, ""CGC"": 1.714, ""CGA"": 1.714, ""CGG"": 0.857, ""AGA"": 0.857, ""AGG"": 0.857, ""GGT"": 0.41, ""GGC"": 1.949, ""GGA"": 0.103, ""GGG"": 1.538}",942,0.613
NRGN,Brain,0.689,"{""TTT"": 2.0, ""TTC"": 0.0, ""TTA"": 0.0, ""TTG"": 0.0, ""CTT"": 0.0, ""CTC"": 0.0, ""CTA"": 3.0, ""CTG"": 3.0, ""ATT"": 0.75, ""ATC"": 1.5, ""ATA"": 0.75, ""GTT"": 0.0, ""GTC"": 0.0, ""GTA"": 0.0, ""GTG"": 4.0, ""TCT"": 0.0, ""TCC"": 1.5, ""TCA"": 0.0, ""TCG"": 0.0, ""AGT"": 1.5, ""AGC"": 3.0, ""CCT"": 1.143, ""CCC"": 1.143, ""CCA"": 0.0, ""CCG"": 1.714, ""ACT"": 0.0, ""ACC"": 4.0, ""ACA"": 0.0, ""ACG"": 0.0, ""GCT"": 0.364, ""GCC"": 2.182, ""GCA"": 0.0, ""GCG"": 1.455, ""CAT"": 0.0, ""CAC"": 2.0, ""CAA"": 0.0, ""CAG"": 2.0, ""AAT"": 0.0, ""AAC"": 2.0, ""AAA"": 0.333, ""AAG"": 1.667, ""GAT"": 0.25, ""GAC"": 1.75, ""GAA"": 0.0, ""GAG"": 2.0, ""TGT"": 0.0, ""TGC"": 2.0, ""CGT"": 0.0, ""CGC"": 1.2, ""CGA"": 0.0, ""CGG"": 4.8, ""AGA"": 0.0, ""AGG"": 0.0, ""GGT"": 0.0, ""GGC"": 2.353, ""GGA"": 0.941, ""GGG"": 0.706}",237,0.709
RBFOX3,Brain,0.664,"{""TTT"": 1.0, ""TTC"": 1.0, ""TTA"": 0.462, ""TTG"": 0.462, ""CTT"": 1.385, ""CTC"": 0.923, ""CTA"": 0.923, ""CTG"": 1.846, ""ATT"": 1.25, ""ATC"": 1.75, ""ATA"": 0.0, ""GTT"": 0.421, ""GTC"": 1.684, ""GTA"": 0.421, ""GTG"": 1.474, ""TCT"": 0.8, ""TCC"": 2.4, ""TCA"": 0.4, ""TCG"": 0.0, ""AGT"": 0.4, ""AGC"": 2.0, ""CCT"": 0.453, ""CCC"": 1.736, ""CCA"": 0.906, ""CCG"": 0.906, ""ACT"": 0.387, ""ACC"": 1.548, ""ACA"": 1.161, ""ACG"": 0.903, ""GCT"": 0.651, ""GCC"": 1.488, ""GCA"": 1.023, ""GCG"": 0.837, ""TAT"": 0.417, ""TAC"": 1.583, ""CAT"": 0.75, ""CAC"": 1.25, ""CAA"": 0.286, ""CAG"": 1.714, ""AAT"": 0.909, ""AAC"": 1.091, ""AAA"": 0.6, ""AAG"": 1.4, ""GAT"": 0.333, ""GAC"": 1.667, ""GAA"": 0.25, ""GAG"": 1.75, ""TGT"": 1.0, ""TGC"": 1.0, ""CGT"": 0.0, ""CGC"": 0.0, ""CGA"": 0.706, ""CGG"": 3.882, ""AGA"": 0.706, ""AGG"": 0.706, ""GGT"": 0.267, ""GGC"": 1.733, ""GGA"": 0.8, ""GGG"": 1.2}",1080,0.619
ALB,Liver,0.585,"{""TTT"": 1.429, ""TTC"": 0.571, ""TTA"": 0.938, ""TTG"": 1.125, ""CTT"": 1.781, ""CTC"": 0.656, ""CTA"": 0.375, ""CTG"": 1.125, ""ATT"": 1.333, ""ATC"": 1.333, ""ATA"": 0.333, ""GTT"": 1.116, ""GTC"": 0.651, ""GTA"": 0.744, ""GTG"": 1.488, ""TCT"": 0.643, ""TCC"": 1.5, ""TCA"": 1.286, ""TCG"": 0.643, ""AGT"": 1.286, ""AGC"": 0.643, ""CCT"": 1.667, ""CCC"": 1.0, ""CCA"": 1.167, ""CCG"": 0.167, ""ACT"": 0.966, ""ACC"": 1.241, ""ACA"": 1.517, ""ACG"": 0.276, ""GCT"": 1.905, ""GCC"": 0.889, ""GCA"": 1.079, ""GCG"": 0.127, ""TAT"": 1.368, ""TAC"": 0.632, ""CAT"": 1.375, ""CAC"": 0.625, ""CAA"": 1.1, ""CAG"": 0.9, ""AAT"": 1.294, ""AAC"": 0.706, ""AAA"": 1.333, ""AAG"": 0.667, ""GAT"": 1.389, ""GAC"": 0.611, ""GAA"": 1.226, ""GAG"": 0.774, ""TGT"": 0.857, ""TGC"": 1.143, ""CGT"": 0.667, ""CGC"": 0.222, ""CGA"": 0.667, ""CGG"": 0.444, ""AGA"": 2.889, ""AGG"": 1.111, ""GGT"": 0.923, ""GGC"": 0.923, ""GGA"": 1.846, ""GGG"": 0.308}",1830,0.43
APOB,Liver,0.587,"{""TTT"": 1.027, ""TTC"": 0.973, ""TTA"": 0.739, ""TTG"": 0.84, ""CTT"": 1.03, ""CTC"": 0.951, ""CTA"": 0.593, ""CTG"": 1.847, ""ATT"": 1.307, ""ATC"": 1.139, ""ATA"": 0.554, ""GTT"": 1.12, ""GTC"": 1.136, ""GTA"": 0.688, ""GTG"": 1.056, ""TCT"": 1.481, ""TCC"": 1.267, ""TCA"": 1.16, ""TCG"": 0.137, ""AGT"": 1.115, ""AGC"": 0.84, ""CCT"": 1.38, ""CCC"": 0.865, ""CCA"": 1.497, ""CCG"": 0.257, ""ACT"": 1.164, ""ACC"": 1.324, ""ACA"": 1.284, ""ACG"": 0.227, ""GCT"": 1.478, ""GCC"": 1.275, ""GCA"": 1.029, ""GCG"": 0.217, ""TAT"": 1.145, ""TAC"": 0.855, ""CAT"": 1.0, ""CAC"": 1.0, ""CAA"": 0.883, ""CAG"": 1.117, ""AAT"": 1.053, ""AAC"": 0.947, ""AAA"": 1.152, ""AAG"": 0.848, ""GAT"": 1.205, ""GAC"": 0.795, ""GAA"": 1.104, ""GAG"": 0.896, ""TGT"": 0.88, ""TGC"": 1.12, ""CGT"": 0.64, ""CGC"": 0.52, ""CGA"": 0.48, ""CGG"": 0.6, ""AGA"": 2.08, ""AGG"": 1.68, ""GGT"": 0.522, ""GGC"": 1.237, ""GGA"": 1.43, ""GGG"": 0.812}",13692,0.433
CYP3A4,Liver,0.597,"{""TTT"": 1.25, ""TTC"": 0.75, ""TTA"": 0.814, ""TTG"": 0.712, ""CTT"": 1.322, ""CTC"": 1.424, ""CTA"": 0.508, ""CTG"": 1.22, ""ATT"": 1.3, ""ATC"": 1.3, ""ATA"": 0.4, ""GTT"": 0.718, ""GTC"": 0.923, ""GTA"": 0.308, ""GTG"": 2.051, ""TCT"": 1.161, ""TCC"": 0.968, ""TCA"": 1.355, ""TCG"": 0.0, ""AGT"": 1.161, ""AGC"": 1.355, ""CCT"": 1.371, ""CCC"": 1.029, ""CCA"": 1.6, ""CCG"": 0.0, ""ACT"": 0.593, ""ACC"": 1.333, ""ACA"": 1.778, ""ACG"": 0.296, ""GCT"": 2.0, ""GCC"": 1.4, ""GCA"": 0.6, ""GCG"": 0.0, ""TAT"": 1.375, ""TAC"": 0.625, ""CAT"": 1.0, ""CAC"": 1.0, ""CAA"": 0.667, ""CAG"": 1.333, ""AAT"": 1.0, ""AAC"": 1.0, ""AAA"": 1.105, ""AAG"": 0.895, ""GAT"": 1.231, ""GAC"": 0.769, ""GAA"": 1.226, ""GAG"": 0.774, ""TGT"": 1.429, ""TGC"": 0.571, ""CGT"": 0.273, ""CGC"": 0.273, ""CGA"": 0.545, ""CGG"": 0.545, ""AGA"": 2.727, ""AGG"": 1.636, ""GGT"": 0.308, ""GGC"": 0.923, ""GGA"": 2.154, ""GGG"": 0.615}",1512,0.437
CYP2E1,Liver,0.672,"{""TTT"": 0.848, ""TTC"": 1.152, ""TTA"": 0.0, ""TTG"": 1.22, ""CTT"": 0.305, ""CTC"": 2.034, ""CTA"": 0.305, ""CTG"": 2.136, ""ATT"": 1.071, ""ATC"": 1.607, ""ATA"": 0.321, ""GTT"": 0.267, ""GTC"": 0.667, ""GTA"": 0.267, ""GTG"": 2.8, ""TCT"": 1.043, ""TCC"": 1.304, ""TCA"": 0.261, ""TCG"": 0.522, ""AGT"": 0.522, ""AGC"": 2.348, ""CCT"": 1.029, ""CCC"": 1.714, ""CCA"": 1.029, ""CCG"": 0.229, ""ACT"": 0.667, ""ACC"": 2.333, ""ACA"": 0.833, ""ACG"": 0.167, ""GCT"": 0.696, ""GCC"": 1.565, ""GCA"": 0.522, ""GCG"": 1.217, ""TAT"": 0.667, ""TAC"": 1.333, ""CAT"": 0.889, ""CAC"": 1.111, ""CAA"": 0.571, ""CAG"": 1.429, ""AAT"": 1.3, ""AAC"": 0.7, ""AAA"": 0.483, ""AAG"": 1.517, ""GAT"": 0.4, ""GAC"": 1.6, ""GAA"": 1.032, ""GAG"": 0.968, ""TGT"": 1.25, ""TGC"": 0.75, ""CGT"": 0.2, ""CGC"": 1.2, ""CGA"": 0.6, ""CGG"": 1.4, ""AGA"": 0.8, ""AGG"": 1.8, ""GGT"": 0.143, ""GGC"": 1.571, ""GGA"": 1.143, ""GGG"": 1.143}",1482,0.526
SERPINA1,Liver,0.717,"{""TTT"": 0.593, ""TTC"": 1.407, ""TTA"": 0.588, ""TTG"": 0.353, ""CTT"": 0.118, ""CTC"": 1.412, ""CTA"": 0.353, ""CTG"": 3.176, ""ATT"": 0.6, ""ATC"": 2.25, ""ATA"": 0.15, ""GTT"": 0.296, ""GTC"": 1.63, ""GTA"": 0.0, ""GTG"": 2.074, ""TCT"": 1.2, ""TCC"": 2.16, ""TCA"": 0.24, ""TCG"": 0.24, ""AGT"": 0.0, ""AGC"": 2.16, ""CCT"": 0.632, ""CCC"": 2.316, ""CCA"": 0.632, ""CCG"": 0.421, ""ACT"": 0.8, ""ACC"": 2.4, ""ACA"": 0.667, ""ACG"": 0.133, ""GCT"": 1.692, ""GCC"": 1.692, ""GCA"": 0.615, ""GCG"": 0.0, ""TAT"": 0.333, ""TAC"": 1.667, ""CAT"": 0.615, ""CAC"": 1.385, ""CAA"": 0.444, ""CAG"": 1.556, ""AAT"": 1.053, ""AAC"": 0.947, ""AAA"": 0.706, ""AAG"": 1.294, ""GAT"": 1.083, ""GAC"": 0.917, ""GAA"": 0.812, ""GAG"": 1.188, ""TGT"": 0.667, ""TGC"": 1.333, ""CGT"": 1.714, ""CGC"": 0.857, ""CGA"": 0.0, ""CGG"": 0.0, ""AGA"": 2.571, ""AGG"": 0.857, ""GGT"": 0.333, ""GGC"": 1.833, ""GGA"": 0.5, ""GGG"": 1.333}",1257,0.52
F2,Liver,0.714,"{""TTT"": 0.476, ""TTC"": 1.524, ""TTA"": 0.0, ""TTG"": 0.588, ""CTT"": 0.471, ""CTC"": 0.941, ""CTA"": 0.235, ""CTG"": 3.765, ""ATT"": 1.091, ""ATC"": 1.636, ""ATA"": 0.273, ""GTT"": 0.216, ""GTC"": 1.189, ""GTA"": 0.108, ""GTG"": 2.486, ""TCT"": 0.0, ""TCC"": 1.421, ""TCA"": 0.947, ""TCG"": 0.632, ""AGT"": 1.263, ""AGC"": 1.737, ""CCT"": 1.697, ""CCC"": 1.455, ""CCA"": 0.485, ""CCG"": 0.364, ""ACT"": 0.667, ""ACC"": 1.556, ""ACA"": 0.889, ""ACG"": 0.889, ""GCT"": 0.952, ""GCC"": 2.095, ""GCA"": 0.571, ""GCG"": 0.381, ""TAT"": 0.381, ""TAC"": 1.619, ""CAT"": 0.923, ""CAC"": 1.077, ""CAA"": 0.231, ""CAG"": 1.769, ""AAT"": 0.32, ""AAC"": 1.68, ""AAA"": 0.207, ""AAG"": 1.793, ""GAT"": 0.686, ""GAC"": 1.314, ""GAA"": 0.471, ""GAG"": 1.529, ""TGT"": 1.0, ""TGC"": 1.0, ""CGT"": 0.136, ""CGC"": 1.773, ""CGA"": 1.091, ""CGG"": 1.636, ""AGA"": 0.136, ""AGG"": 1.227, ""GGT"": 0.571, ""GGC"": 1.388, ""GGA"": 0.49, ""GGG"": 1.551}",1869,0.591
HNF4A,Liver,0.748,"{""TTT"": 0.5, ""TTC"": 1.5, ""TTA"": 0.0, ""TTG"": 0.375, ""CTT"": 0.125, ""CTC"": 1.75, ""CTA"": 0.125, ""CTG"": 3.625, ""ATT"": 0.444, ""ATC"": 2.444, ""ATA"": 0.111, ""GTT"": 0.615, ""GTC"": 1.385, ""GTA"": 0.0, ""GTG"": 2.0, ""TCT"": 0.474, ""TCC"": 1.737, ""TCA"": 0.632, ""TCG"": 0.316, ""AGT"": 0.158, ""AGC"": 2.684, ""CCT"": 0.387, ""CCC"": 2.194, ""CCA"": 0.903, ""CCG"": 0.516, ""ACT"": 0.5, ""ACC"": 2.5, ""ACA"": 0.5, ""ACG"": 0.5, ""GCT"": 0.485, ""GCC"": 2.424, ""GCA"": 0.364, ""GCG"": 0.727, ""TAT"": 0.667, ""TAC"": 1.333, ""CAT"": 0.5, ""CAC"": 1.5, ""CAA"": 0.0, ""CAG"": 2.0, ""AAT"": 0.5, ""AAC"": 1.5, ""AAA"": 0.333, ""AAG"": 1.667, ""GAT"": 0.417, ""GAC"": 1.583, ""GAA"": 0.32, ""GAG"": 1.68, ""TGT"": 0.615, ""TGC"": 1.385, ""CGT"": 0.429, ""CGC"": 0.857, ""CGA"": 0.643, ""CGG"": 2.357, ""AGA"": 0.643, ""AGG"": 1.071, ""GGT"": 0.429, ""GGC"": 1.571, ""GGA"": 1.0, ""GGG"": 1.0}",1359,0.604
TTR,Liver,0.664,"{""TTT"": 1.0, ""TTC"": 1.0, ""TTA"": 0.0, ""TTG"": 0.0, ""CTT"": 0.923, ""CTC"": 1.846, ""CTA"": 0.462, ""CTG"": 2.769, ""ATT"": 0.6, ""ATC"": 1.2, ""ATA"": 1.2, ""GTT"": 0.286, ""GTC"": 1.143, ""GTA"": 0.857, ""GTG"": 1.714, ""TCT"": 2.308, ""TCC"": 2.308, ""TCA"": 0.0, ""TCG"": 0.0, ""AGT"": 0.923, ""AGC"": 0.462, ""CCT"": 1.5, ""CCC"": 1.5, ""CCA"": 1.0, ""CCG"": 0.0, ""ACT"": 0.333, ""ACC"": 2.333, ""ACA"": 0.667, ""ACG"": 0.667, ""GCT"": 1.867, ""GCC"": 1.6, ""GCA"": 0.533, ""GCG"": 0.0, ""TAT"": 0.4, ""TAC"": 1.6, ""CAT"": 2.0, ""CAC"": 0.0, ""AAT"": 1.333, ""AAC"": 0.667, ""AAA"": 1.0, ""AAG"": 1.0, ""GAT"": 0.8, ""GAC"": 1.2, ""GAA"": 0.769, ""GAG"": 1.231, ""TGT"": 1.0, ""TGC"": 1.0, ""CGT"": 1.2, ""CGC"": 2.4, ""CGA"": 1.2, ""CGG"": 0.0, ""AGA"": 1.2, ""AGG"": 0.0, ""GGT"": 0.364, ""GGC"": 1.818, ""GGA"": 0.727, ""GGG"": 1.091}",444,0.543
APOA1,Liver,0.762,"{""TTT"": 0.25, ""TTC"": 1.75, ""TTA"": 0.0, ""TTG"": 0.439, ""CTT"": 0.293, ""CTC"": 1.756, ""CTA"": 0.293, ""CTG"": 3.22, ""GTT"": 0.0, ""GTC"": 0.267, ""GTA"": 0.0, ""GTG"": 3.733, ""TCT"": 0.0, ""TCC"": 1.125, ""TCA"": 0.0, ""TCG"": 0.0, ""AGT"": 0.0, ""AGC"": 4.875, ""CCT"": 0.4, ""CCC"": 2.8, ""CCA"": 0.4, ""CCG"": 0.4, ""ACT"": 0.667, ""ACC"": 2.0, ""ACA"": 0.333, ""ACG"": 1.0, ""GCT"": 0.696, ""GCC"": 2.087, ""GCA"": 0.174, ""GCG"": 1.043, ""TAT"": 0.286, ""TAC"": 1.714, ""CAT"": 1.333, ""CAC"": 0.667, ""CAA"": 0.421, ""CAG"": 1.579, ""AAT"": 0.0, ""AAC"": 2.0, ""AAA"": 0.273, ""AAG"": 1.727, ""GAT"": 0.625, ""GAC"": 1.375, ""GAA"": 0.267, ""GAG"": 1.733, ""CGT"": 0.0, ""CGC"": 4.235, ""CGA"": 0.353, ""CGG"": 0.353, ""AGA"": 0.706, ""AGG"": 0.353, ""GGT"": 0.0, ""GGC"": 3.273, ""GGA"": 0.364, ""GGG"": 0.364}",804,0.627
HAMP,Liver,0.644,"{""TTT"": 0.0, ""TTC"": 2.0, ""TTA"": 0.0, ""TTG"": 0.0, ""CTT"": 0.545, ""CTC"": 3.273, ""CTA"": 0.0, ""CTG"": 2.182, ""ATT"": 1.0, ""ATC"": 2.0, ""ATA"": 0.0, ""GTT"": 4.0, ""GTC"": 0.0, ""GTA"": 0.0, ""GTG"": 0.0, ""TCT"": 0.857, ""TCC"": 0.857, ""TCA"": 0.857, ""TCG"": 0.0, ""AGT"": 0.857, ""AGC"": 2.571, ""CCT"": 0.0, ""CCC"": 3.0, ""CCA"": 1.0, ""CCG"": 0.0, ""ACT"": 0.0, ""ACC"": 2.0, ""ACA"": 0.0, ""ACG"": 2.0, ""GCT"": 1.0, ""GCC"": 2.0, ""GCA"": 1.0, ""GCG"": 0.0, ""CAT"": 1.0, ""CAC"": 1.0, ""CAA"": 0.857, ""CAG"": 1.143, ""AAA"": 0.0, ""AAG"": 2.0, ""GAT"": 0.0, ""GAC"": 2.0, ""GAA"": 0.0, ""GAG"": 2.0, ""TGT"": 0.444, ""TGC"": 1.556, ""CGT"": 0.0, ""CGC"": 0.0, ""CGA"": 2.25, ""CGG"": 0.0, ""AGA"": 0.75, ""AGG"": 3.0, ""GGT"": 0.0, ""GGC"": 1.6, ""GGA"": 1.6, ""GGG"": 0.8}",255,0.6
CYP1A2,Liver,0.753,"{""TTT"": 0.242, ""TTC"": 1.758, ""TTA"": 0.0, ""TTG"": 0.787, ""CTT"": 0.393, ""CTC"": 1.279, ""CTA"": 0.098, ""CTG"": 3.443, ""ATT"": 0.577, ""ATC"": 2.308, ""ATA"": 0.115, ""GTT"": 0.121, ""GTC"": 1.576, ""GTA"": 0.242, ""GTG"": 2.061, ""TCT"": 0.9, ""TCC"": 1.95, ""TCA"": 0.45, ""TCG"": 0.15, ""AGT"": 0.6, ""AGC"": 1.95, ""CCT"": 1.143, ""CCC"": 1.714, ""CCA"": 0.686, ""CCG"": 0.457, ""ACT"": 0.69, ""ACC"": 1.793, ""ACA"": 1.103, ""ACG"": 0.414, ""GCT"": 0.387, ""GCC"": 2.968, ""GCA"": 0.516, ""GCG"": 0.129, ""TAT"": 0.2, ""TAC"": 1.8, ""CAT"": 0.769, ""CAC"": 1.231, ""CAA"": 0.083, ""CAG"": 1.917, ""AAT"": 0.556, ""AAC"": 1.444, ""AAA"": 0.385, ""AAG"": 1.615, ""GAT"": 0.348, ""GAC"": 1.652, ""GAA"": 0.154, ""GAG"": 1.846, ""TGT"": 0.857, ""TGC"": 1.143, ""CGT"": 0.0, ""CGC"": 1.636, ""CGA"": 0.182, ""CGG"": 2.364, ""AGA"": 0.364, ""AGG"": 1.455, ""GGT"": 0.414, ""GGC"": 1.793, ""GGA"": 0.552, ""GGG"": 1.241}",1551,0.591
ASGR1,Liver,0.715,"{""TTT"": 0.286, ""TTC"": 1.714, ""TTA"": 0.0, ""TTG"": 0.167, ""CTT"": 0.5, ""CTC"": 2.167, ""CTA"": 0.167, ""CTG"": 3.0, ""ATT"": 0.0, ""ATC"": 1.5, ""ATA"": 1.5, ""GTT"": 0.222, ""GTC"": 1.556, ""GTA"": 0.0, ""GTG"": 2.222, ""TCT"": 0.522, ""TCC"": 2.087, ""TCA"": 0.261, ""TCG"": 0.261, ""AGT"": 0.522, ""AGC"": 2.348, ""CCT"": 1.429, ""CCC"": 1.143, ""CCA"": 0.571, ""CCG"": 0.857, ""ACT"": 0.0, ""ACC"": 1.667, ""ACA"": 0.667, ""ACG"": 1.667, ""GCT"": 0.4, ""GCC"": 2.0, ""GCA"": 0.0, ""GCG"": 1.6, ""TAT"": 0.333, ""TAC"": 1.667, ""CAT"": 0.333, ""CAC"": 1.667, ""CAA"": 0.273, ""CAG"": 1.727, ""AAT"": 0.545, ""AAC"": 1.455, ""AAA"": 0.462, ""AAG"": 1.538, ""GAT"": 0.1, ""GAC"": 1.9, ""GAA"": 0.182, ""GAG"": 1.818, ""TGT"": 0.6, ""TGC"": 1.4, ""CGT"": 0.4, ""CGC"": 2.0, ""CGA"": 0.0, ""CGG"": 1.2, ""AGA"": 1.2, ""AGG"": 1.2, ""GGT"": 0.0, ""GGC"": 2.087, ""GGA"": 1.043, ""GGG"": 0.87}",876,0.621
TAT,Liver,0.657,"{""TTT"": 0.8, ""TTC"": 1.2, ""TTA"": 0.4, ""TTG"": 0.8, ""CTT"": 0.267, ""CTC"": 1.467, ""CTA"": 0.533, ""CTG"": 2.533, ""ATT"": 1.742, ""ATC"": 1.258, ""ATA"": 0.0, ""GTT"": 0.774, ""GTC"": 1.419, ""GTA"": 0.0, ""GTG"": 1.806, ""TCT"": 1.455, ""TCC"": 1.091, ""TCA"": 0.727, ""TCG"": 0.364, ""AGT"": 0.545, ""AGC"": 1.818, ""CCT"": 1.0, ""CCC"": 1.125, ""CCA"": 1.5, ""CCG"": 0.375, ""ACT"": 1.0, ""ACC"": 1.5, ""ACA"": 1.0, ""ACG"": 0.5, ""GCT"": 1.867, ""GCC"": 1.2, ""GCA"": 0.667, ""GCG"": 0.267, ""TAT"": 0.933, ""TAC"": 1.067, ""CAT"": 1.111, ""CAC"": 0.889, ""CAA"": 0.462, ""CAG"": 1.538, ""AAT"": 0.842, ""AAC"": 1.158, ""AAA"": 1.2, ""AAG"": 0.8, ""GAT"": 0.818, ""GAC"": 1.182, ""GAA"": 0.6, ""GAG"": 1.4, ""TGT"": 1.412, ""TGC"": 0.588, ""CGT"": 0.286, ""CGC"": 1.143, ""CGA"": 1.143, ""CGG"": 1.429, ""AGA"": 1.143, ""AGG"": 0.857, ""GGT"": 0.267, ""GGC"": 1.333, ""GGA"": 1.333, ""GGG"": 1.067}",1365,0.51
ARG1,Liver,0.598,"{""TTT"": 0.889, ""TTC"": 1.111, ""TTA"": 0.182, ""TTG"": 1.091, ""CTT"": 0.909, ""CTC"": 0.727, ""CTA"": 1.273, ""CTG"": 1.818, ""ATT"": 1.565, ""ATC"": 0.913, ""ATA"": 0.522, ""GTT"": 0.32, ""GTC"": 0.64, ""GTA"": 0.48, ""GTG"": 2.56, ""TCT"": 1.5, ""TCC"": 0.9, ""TCA"": 0.9, ""TCG"": 0.0, ""AGT"": 1.2, ""AGC"": 1.5, ""CCT"": 1.391, ""CCC"": 0.696, ""CCA"": 1.913, ""CCG"": 0.0, ""ACT"": 1.273, ""ACC"": 0.545, ""ACA"": 2.182, ""ACG"": 0.0, ""GCT"": 2.0, ""GCC"": 0.75, ""GCA"": 1.25, ""GCG"": 0.0, ""TAT"": 0.667, ""TAC"": 1.333, ""CAT"": 0.75, ""CAC"": 1.25, ""CAA"": 1.2, ""CAG"": 0.8, ""AAT"": 0.667, ""AAC"": 1.333, ""AAA"": 0.667, ""AAG"": 1.333, ""GAT"": 0.947, ""GAC"": 1.053, ""GAA"": 1.579, ""GAG"": 0.421, ""TGT"": 2.0, ""TGC"": 0.0, ""CGT"": 0.0, ""CGC"": 0.0, ""CGA"": 0.923, ""CGG"": 0.462, ""AGA"": 3.231, ""AGG"": 1.385, ""GGT"": 0.444, ""GGC"": 0.889, ""GGA"": 2.0, ""GGG"": 0.667}",969,0.473
